x0,y0,z0,x1,y1,z1,x2,y2,z2,x3,y3,z3,x4,y4,z4,x5,y5,z5,x6,y6,z6,x7,y7,z7,x8,y8,z8,x9,y9,z9,x10,y10,z10,x11,y11,z11,x12,y12,z12,x13,y13,z13,x14,y14,z14,x15,y15,z15,x16,y16,z16
0.13853424728104086,0.34670920456819293,-2.3193699002917336,0.028223535520659274,0.5305485798862063,-2.5824755006580835,0.23876897966146948,0.4407291008729454,-2.204389274176702,-0.18887597309038678,0.6444265264224628,-2.8836629990567446,0.35975812044919747,0.4711689486430533,-2.256364049898314,-0.6117043719190638,-0.04662176586166224,-3.417358161500088,0.6763183809366233,0.004694828287790694,-3.0103724230080746,-2.2051483447294,-3.060239757015065,-9.3292927998689,1.6544318858989797,-2.2756309605090896,-7.040492584444028,-2.934356533343284,-5.701430081225527,-17.68561779489251,-9.929756288036277,20.267895633422015,61.453051673043596,-0.40384368285745564,-1.5813733701045327,-3.9534334252613297,0.5231460174779408,-1.7556838498824663,-4.392953456810315,-0.9662454330693055,-2.6980194215101934,-9.702953168451183,0.9285576662548725,-2.838139817411628,-10.61385903540592,34.59946378203765,103.40089933832724,306.68902134175585,-3.35632786600669,13.739193911004465,42.73258157442566
0.39492083946102235,0.5513705183116518,-2.6549488401858565,0.29468129842013746,0.7292916568744013,-2.8461713958524752,0.4077783345938749,0.5904518981191123,-2.3630265313242758,-0.04905931538461839,0.7840252397437691,-3.4892461041717904,0.3257305202297212,0.41149091600603516,-1.8994611641281016,-3.2929986910504137,-2.3130665757562876,-21.048342723347858,0.39177383295866364,-0.22057889939016456,-1.8121166099653396,3.3068632523509676,3.462109012188777,13.389682792996082,0.5142188915172717,-0.5163572736977299,-1.9133562658505168,-1.7694543483665632,-1.812244202960827,-7.31856883318606,0.4043355994743453,-0.4805039155366353,-1.898562401523809,-0.5248638487750061,-1.1418601845330683,-5.902683682988207,0.2937905193562224,-0.3150058127141428,-1.6536879706409626,-0.2667370706122533,-1.174546688123273,-6.015014289694762,0.4167069317650824,-0.4258754157361524,-2.405000212474858,-0.3381798965275586,-1.0012404826996524,-4.469344165056664,0.3427391464855508,-0.4995621575081104,-2.2631079885292142
-0.1462432574198228,-0.40846812953204764,2.7503180569267536,-0.021033638508942326,-0.5986787836987266,2.9387194009178432,-0.2296544767566371,-0.5246056029748991,2.554078108413571,0.19137944833593654,-0.47703671734975883,3.027900635439271,0.0,0.0,0.0,0.39350063404293584,0.23648776866084037,2.2818259823081855,-0.6814772449369516,0.37064656326100404,3.434740312919383,0.5594693073809327,0.25809949384658076,1.7330048055709277,-2.609385366457732,1.8064401647445958,9.39698037362573,0.4786394569884178,0.11553054273907865,1.3277929668929125,-1.6538515749151481,1.0798542121054526,6.973314602843366,0.2538479638000149,0.5555592421181845,2.113639895891217,-0.29742662166051254,0.7045650540361782,2.7174968264381154,0.21682644232221093,0.7990649954980601,2.770195948409591,-0.6854757057020456,1.206627889946068,4.467266721419364,0.23012252483853934,1.0563584510489563,2.762152033297307,-0.8295499603068254,1.9624826927946686,5.158610081705633
0.15488914109386753,0.08922916897015953,6.817224299369193,0.42497063939001,-0.2860780833957082,6.82061375104331,-0.1819251981742908,-0.30646144972471323,8.83956647386014,4.9594305940943855,-1.7651311306989215,46.23154412218985,5.4876772316032465,1.5249292809865864,-64.34463223878461,-2.2180024862063075,-2.5247704080843,-11.568747505966675,1.3167595536621446,-1.8680370284352987,-7.1598690727219045,-5.242646747747664,-7.439265189088317,-18.928779685258146,1.7266621422869273,-2.949530537781724,-7.373826344454311,1.479619788089153,1.8635211837630286,5.12752655122957,-17.142204234346853,32.079470380874945,84.92689716783086,-1.471821035306452,-4.271075237416414,-10.789334861181402,0.6476279942968892,-3.009509157188523,-7.529774566252203,1.8374026070712193,3.9543145551258445,11.100018894439868,1.0272457579198366,-4.806236471861949,-13.516439021526155,2.1462016173809766,4.483152946595421,11.207882366488564,0.7697863074118815,-4.919516609842004,-12.638263631233032
1.2361632257791804,-6.101991711296105,32.0635936956425,0.0,0.0,0.0,0.24819336550259974,20.625593468110253,-78.03667118836319,-0.31480970014669346,0.6222528188499135,-2.776104582075981,0.3207850996490107,0.9651659613085853,-4.521326005768449,-0.5794511962711522,-0.6032417997283582,-2.957913283565007,0.3256105955182566,-0.45080069950844576,-1.9313728774238024,-1.8421839012364951,-2.2523223353197794,-6.024920873971208,0.3661396493426203,-0.7222900770299653,-1.805725192574913,-2.3720198606170184,-2.3159288775980276,-6.800519978937853,0.3094846279257979,-0.6066046465163608,-1.7696347069759881,-0.4077781439909175,-0.938984936286175,-2.6339643308466103,0.14389297625928596,-0.7661609789080398,-2.185940424058944,-1.325591375963903,-2.382993328560643,-6.836471527462499,0.08659618156010321,-0.7721703313558949,-2.3278528511123118,-1.1291441480042776,-1.8174797063299337,-5.079499358923215,0.08779437087861999,-0.8427137348902002,-2.554880016279262
-0.24844577594359843,8.640048951748959,-43.55438044357897,-0.8419393398706579,4.818619421720999,-17.935362036401553,0.497569189480121,3.5890162607784877,-13.84287880292958,-0.3255608334850918,0.8430778655758778,-3.5239719064224064,0.33908531554232035,0.817375141129803,-3.4863415233965593,-0.5489681708443366,-0.4629112004961358,-2.9044340840337575,0.3144288513015479,-0.35141872375894545,-1.8808453232130995,-2.6515560114041143,-2.907999744899065,-7.951440440821562,0.361714466664762,-0.7552211637701614,-1.8880529094254042,-10.400921117865247,-8.585964255644365,-24.69317006866413,0.3029727494005795,-0.7105902319374647,-2.171977989521477,-0.4814792601264747,-1.1159267586072292,-2.8647174154968447,0.0953187667262767,-0.8030685048552554,-2.090408410717846,-2.946783548666908,-4.155246458122949,-12.113869140720224,-0.11557537302830538,-1.0558057210594483,-3.1535591511489973,-2.30014842415675,-2.739656367520145,-7.641256227908919,-0.21171533110842009,-1.0846474263864332,-3.2715715911041183
0.35103906561232845,1.6578592591935462,-9.760430867391323,-0.0290254548611864,2.0000113790343192,-8.020216092978265,0.5043099299521341,1.5223176673007068,-6.650448670704694,-0.2044129175633889,0.7563744790370756,-3.3017207808969804,0.35272540428819105,0.5720345497075208,-2.879104297984266,-0.5529995055868133,-0.5431720494906683,-3.022691996844454,0.33138952264986005,-0.36388309249765594,-1.8238256993155442,-16.87537781239645,-16.83534203831384,-46.32106995119279,0.428393084072694,-0.8032429418939795,-2.00864153325146,2.1287342860500957,1.5185629752719711,4.548312571633748,0.4806069987163334,-0.94012016672621,-2.771393361355728,-0.569766951620792,-1.2169792462389037,-3.2703816080134596,0.11116866959310474,-0.7919318176896427,-2.2013611644452626,-12.010412630887027,-16.66281275382672,-48.80332653278798,-0.05214577652548199,-1.0894921217370626,-3.241509654101195,-4.239285152376229,-4.836312852732448,-13.526955604468023,-0.13501304106378884,-1.01803745911306,-3.132376874272375
0.0,0.0,0.0,0.0,0.0,0.0,0.0,0.0,0.0,0.6325115674193662,0.1804453158932111,-1.198107384192789,0.8060819848977672,0.19609746527884947,-1.5094724843288245,0.4454353303213555,-0.20811160197521486,-1.129160699959615,0.766960444983379,-0.2912535275135297,-1.4572309088575546,0.4445986422868744,-0.5046096856285737,-1.2615242140714353,0.8200386764016687,-0.6346199480981529,-1.6280556172598444,0.6920588612386832,-0.5059223907827702,-1.5697758753923976,0.9760219185000519,-0.7653855096082504,-1.9768557426214024,0.5280265636490854,-0.45811101583862796,-1.1452775395965704,0.0,0.0,0.0,0.781284556637613,-0.6279406003157887,-1.7690571166117401,0.8949597014827221,-0.6222840485982465,-1.7945295981204916,0.6995365798007978,-0.6456929541295037,-1.6142323853237597,0.8963785422318349,-0.714331108516323,-1.8848202736453332
0.0,0.0,0.0,0.0,0.0,0.0,0.0,0.0,0.0,0.619366710027245,0.18408449828559587,-1.1998733966613975,0.7031641100176196,0.16629671051077258,-1.3129593000632116,0.4501178940786985,-0.2876234582293615,-1.1622766441170298,0.6155492550498585,-0.2628087324397132,-1.146933563821685,0.5293744446483207,-0.6172002568528494,-1.5430006421321236,0.7127770384532226,-0.5342142885793765,-1.3775216054526072,0.7342055203847282,-0.4930041166528971,-1.7008529599603621,0.8815587675391435,-0.6123952893181417,-1.7480287360096372,0.5431029087816759,-0.4754590706001317,-1.1886476765003289,0.0,0.0,0.0,0.7157683113561194,-0.5558580952928698,-1.6314625642502079,0.7253397854595852,-0.4870705764153524,-1.4476146424051357,0.5889255055700946,-0.4769658394511511,-1.3476510166043474,0.6991801581830644,-0.46535309116486245,-1.4372688442556643
0.0,0.0,0.0,0.0,0.0,0.0,0.0,0.0,0.0,0.7008676964013464,0.10068719338891909,-1.3952021245804687,0.8287472063054656,0.08803947208595374,-1.587528854844892,0.5264038498734321,-0.277350705378966,-1.3564756432367555,0.7946707445279364,-0.2881146321356567,-1.4985997327884835,0.5499349779468702,-0.6287786447829052,-1.5719466119572623,0.8971847714292606,-0.6859761687457769,-1.7544018676375963,0.8750159833718094,-0.7731319258230591,-1.9445408572852605,1.0018966846893627,-0.7605213726208455,-1.9776575779158756,0.6699635795779474,-0.5855052583234877,-1.4637631458087197,0.0,0.0,0.0,0.9606187384949936,-0.8068260049274351,-2.155303779073417,1.0159310175557659,-0.7349866928054207,-2.0089242027178953,0.8950080174135002,-0.8227910328947395,-2.0569775822368483,0.9959052835307296,-0.8212363842543567,-2.059074835620428
1.1689708204734766,1.6019633496378929,-11.49832638823429,0.9765888104943203,2.852994435245958,-13.937273603353034,0.9433852981955527,1.543481177759251,-8.182236121388598,-0.3811245165918738,1.7527712126830022,-8.569612932280238,0.3340865275875251,0.6621765149359626,-3.6823005755643368,-0.7269877631659744,-0.7727460204881806,-3.490718501783206,0.34302772839571166,-0.3669579659393635,-2.078749739243592,11.377983570015365,10.733510669067218,27.76842802366211,0.5667228342602768,-0.7752251815455367,-2.094133075049401,0.9695336887105039,0.6599728202378731,1.9556226440743218,0.8933452673356604,-1.1131735044909055,-3.697617608322463,-1.2941103330009767,-3.0846736709653144,-7.7116841774132885,0.24849867183991556,-1.380422162394845,-3.6634538689127267,1.1292592633134273,2.090129636419106,5.912626746837651,2.3063486842557293,-17.50574710343231,-49.85986446562494,1.5709281793974816,2.282606057645572,5.840774821523149,0.8168778519274579,-25.81420571596782,-73.35597876905818
1.4895131774199313,3.9765653014445292,-25.385132089850217,1.1403957868668175,12.687908772115195,-57.178792389232555,1.0366313569517756,2.5403816553867977,-12.42523443481752,-1.2169884350002624,3.2236326396699906,-14.627435377684009,0.3559998423747157,0.7959964781920477,-4.163277629333685,-0.7951645926843406,-0.728976727424755,-3.6545035364085936,0.32954858735039055,-0.35863699617095396,-2.1868766311296666,16.378955981952394,15.896907678334351,41.2761309209201,0.5440981175877059,-0.7903603492759547,-2.1304396896317126,0.9712940620427093,0.6676308867125497,1.916718397385908,0.9674362591257604,-0.8659923557320878,-2.847868925366808,-0.9924723917943724,-2.3510532074546693,-5.877633018636675,0.19727588305668992,-1.382203656890692,-3.45550914222673,1.104845987422714,2.0483578724961014,5.822157028721055,2.783187729175378,-19.734845646765073,-56.20085623174928,1.4505513425664764,2.102517402433159,5.505742647076891,0.937634512007137,-9.96175872593108,-27.805365658691386
0.28883664587134,-1.2344291886815768,16.803483589642518,0.8704721582207197,-1.9720704757471355,15.541430640990162,-1.0193459334801733,-6.410156046884263,55.31753498431774,-6.687234061647982,6.583880176090119,-55.48600213394041,0.5536545086425065,1.046573494235934,-10.30763283625782,-3.677074760464583,-2.9025247081466183,-17.102411334021216,0.5811728231913807,-0.6738365495156852,-4.139084463074313,2.144502669729207,2.137955218254136,5.514313004653112,0.8015587280232337,-1.1794394008764337,-3.202300105974727,0.9616152457298617,0.6681884541371585,2.0181938279995095,1.245349733474224,-1.0880181399177773,-3.631274899233548,12.400097284933496,29.201520912547622,73.00380228136906,0.520605861189175,-4.242063984378785,-10.60515996094696,0.8267283523521811,1.266032311778234,3.4283723022118635,-0.017886570977486433,6.458444769322685,17.823106111935083,0.8940149232930857,1.1947961085768593,2.996710430654955,-0.28005531983051996,7.111422354618362,18.449217010340625
0.34835128131027077,-2.1304577046506665,9.958416145693993,0.0,0.0,0.0,0.0030713477735944466,-4.969791302808277,18.461017089440166,0.0,0.0,0.0,0.31541232612296427,1.7665570035658786,-6.790093125439184,-0.7664266403885358,-0.6235341949803073,-3.5514335767088103,0.31121308773035217,-0.25521127438819774,-2.409668417766634,13.29290555952373,13.626451343548752,35.10149610548505,0.5174988342896508,-0.6593291864922876,-1.9988086812702304,0.9049746739930707,0.649707253107623,1.9633154999296432,0.9884419508908782,-0.7949562457754282,-2.7334506091360806,-1.1301942893101566,-2.7493536799601497,-6.873384199900374,0.19277047825736812,-1.520380521354852,-4.004576281691225,0.894265697753459,1.3262265502465456,3.7857084681431026,-0.31237160286148746,12.58488520904857,37.44466914687353,1.1499408539263327,1.4546986202226193,3.9069396000779877,1.0027440251624578,-15.166382227417621,-42.91726254304759
0.5009206054599753,-2.9680428407970845,12.509580956182697,0.0,0.0,0.0,0.0,0.0,0.0,0.0,0.0,0.0,0.2382756226125586,1.4519565108350552,-5.508794307631347,-0.7898809226427862,-0.49908795635532227,-3.6285260198268796,0.31517720299718277,-0.17274184113359517,-2.4234907398132255,207.6170969585993,211.48700957498176,556.7503512044269,0.5527434350908583,-0.5598964464585559,-1.9650335041413403,0.9104359203823204,0.5662526232259687,1.981269572343727,1.0851782466625925,-0.5826331289827017,-2.7627457541202003,-0.9728630838960984,-2.3703117869988986,-5.925779467497247,0.19540642465319447,-1.5014602493657787,-4.021349218350045,0.9694474361804597,1.4176918563704841,4.0577915715601165,0.44485063418385484,7.15528892534735,21.401036494176843,1.1879882612905956,1.5307771449998406,4.0632782475328275,-0.5081458542540537,-13.833759968044333,-38.53527974534361
6.246185659164583,61.57526091563518,-380.3047276729206,19.182389043632767,-148.60809107745186,672.0705647452868,0.9468576132058892,4.777139294540197,-22.83966861082775,-1.2542933807800651,2.1174329186568004,-9.989573601878035,0.29097973863359106,1.009639961680347,-5.0448208902319065,-0.9327585846533744,-0.6261291436789364,-4.27223390143477,0.31996207533246085,-0.2291702330488208,-2.3813836903120746,47.06082965680926,49.93041136218277,129.180756910161,0.5918058811956002,-0.49808640588966097,-1.6671760612213613,0.9708275080379652,0.8017095213462031,2.337443552590369,1.0826410499703853,-0.6818417136154545,-2.657526972541115,-0.8701023286965398,-2.420578760716561,-6.051446901791406,0.27790768846318786,-1.3649159165609677,-3.563652741230128,1.0538943095760662,2.0201814664390993,5.607344866519001,1.393610881522998,-9.302699631885474,-27.714777028528836,1.2322745826502455,2.1113412848336486,5.297945717388717,1.119693408524826,-5.585886345269661,-14.81986590529502
0.24132639671685843,0.7387540398238482,-4.02578985861198,0.07907734742224305,0.9569457692431708,-4.161500077512502,0.2823440849590498,0.8028463569331595,-3.6187587397229946,-0.34579880292747206,0.8313208658690538,-3.8078345367615496,0.21328712217534485,0.588761430187638,-2.77910978274173,-0.8397143444806092,-0.2727267225957477,-3.8149840085738265,0.29625804757914426,-0.032270368712368755,-1.8038781298095936,-19.12528949376448,-17.691182513283458,-50.224406020112006,0.5513391950533912,-0.3027447142862018,-1.4754757040512172,1.2494808361305083,0.7612663798290455,2.6565559315355434,0.9087913554761837,-0.206778635031065,-2.170510715620759,-0.6774383259334378,-1.7774932939877748,-4.44373323496944,0.21442686910791642,-1.0080496610953478,-2.6624840824459244,1.4492188553747647,2.645498400194346,7.700620216302134,0.7932632238611113,-4.7826905242327,-15.108409051476983,1.5197367515520988,2.1862872483220417,5.932447931685474,0.7036299704391344,-3.9299632322362803,-11.278100260926639
0.009211050518740537,1.0016628392650404,-5.52897932180645,-0.21047607291130435,1.2457713121593401,-5.5303611008036615,0.16977810643946847,0.9677665500814319,-4.374575667348988,-0.37580865169853095,0.7505690816468912,-3.726867074424671,0.2286634286118821,0.5680574158234476,-2.812550852680159,-0.7300886195148916,-0.3076138386174828,-3.5933044958043823,0.31783940743519434,-0.04895724928660022,-1.7946309400888576,24.891322767214128,23.00085912336527,66.16624315477333,0.5907579881415218,-0.28894246281004476,-1.5325071692390517,1.3108180484900671,0.7518902400496642,2.7225576893935832,0.9019631665352181,-0.1711814881014646,-2.0841913014431475,-0.6570468210932979,-1.6700807356890492,-4.175201839222622,0.18716223015218358,-0.9646394720868647,-2.577016956002555,1.0087933437716008,1.5852098440003672,4.3742320601645535,-0.5283910091432544,25.381353951693516,76.2675033924756,1.320213838047586,1.7249607421609403,4.437179113306115,0.008267826416587952,-5.129404870247774,-13.84936632833704
0.05431507064051308,0.7669727473960635,-3.811014377068806,-0.09105423998688486,0.9099003893208188,-3.667461894038497,0.1688188467984579,0.791656008471226,-3.230102898629624,-0.21440016281137322,0.5997208866486208,-2.6389780495501998,0.23212145028557504,0.5280934947977337,-2.291870583267049,-0.6398398315254001,-0.25504897828664497,-3.276620076264854,0.3281513440975007,-0.03878967870339221,-1.6416345958588818,4.276797512790172,3.7859785846349143,10.930394717213451,0.5844057652118236,-0.24736385349082327,-1.45320747570653,1.1504896373109141,0.5399029093457323,2.3131465129406896,0.8026099193690341,-0.0981228044620561,-1.7580599250097355,-0.6713267989915184,-1.6994561486194322,-4.24864037154858,0.19888835484684433,-0.9427008729553984,-2.552974041091592,0.9689696563443467,1.542697017093287,4.3020119633082,0.45590874160008665,-17.531894211166993,-52.4173161860956,1.3571556652811314,1.7697292329018683,4.663893291213272,-0.23680475436121515,-5.371660051228517,-14.734805959066032
0.14005513845287948,0.6960513981027918,-3.099495266496135,0.01838454975331853,0.8601951329856926,-3.14993043848232,0.22407535342642493,0.6989151814914307,-2.6725667217284825,-0.13227270806144692,0.624155481979109,-2.47142245642838,0.2508182937076935,0.4545060058279354,-1.9318875239257691,-0.5294946584701498,-0.194273688181915,-2.931663839325488,0.34518417016400993,-0.04721329562130594,-1.496373314043763,5.286433090085264,4.824628847908525,13.5973184656616,0.5678615878462117,-0.2966989623904813,-1.3749406559040926,1.1388795506465328,0.4573353867326199,2.236220983885982,0.7459646842334796,-0.09692536402810298,-1.5284611001243313,-0.6588722391058305,-1.8028255802837956,-4.507063950709488,0.2414489073317354,-0.9539251065088221,-2.537190564836959,0.9341392536802477,1.4622181260780711,4.218348010395314,3.6141767910004035,-114.84552010368925,-347.1315855789919,1.3560480714694019,1.7562741693863575,4.616846021768485,-0.9596177683502612,-9.77068652575617,-26.865320673343994
0.15353355175218675,0.5116074932946882,-2.5210602889005016,0.05433691899018133,0.6273729195105897,-2.5633542493121344,0.2233440267483026,0.531467577603369,-2.23082417846894,-0.09427399745528076,0.49359127830389854,-2.2558240356819015,0.2540110727311921,0.37433171515491537,-1.7731836857555752,-0.46662219330910754,-0.1478530976482678,-2.72098100682141,0.33113430011114164,-0.013888276419820265,-1.3961700739693714,9.937269114319756,9.155217055041154,25.437835832999983,0.5449106201134609,-0.25779531626439733,-1.3365163018190782,1.250464165583769,0.5242269997305409,2.455655358186789,0.7304253604778788,-0.08700642754922894,-1.4100786591477914,-0.7006376461046016,-1.7797604391466189,-4.449401097866548,0.20264763495183805,-0.9416028550277866,-2.5029581092379227,0.8001163302815453,1.245643114383845,3.5529702751391006,-0.12319325478949035,9.563644769045872,28.997731932700557,1.214317399419122,1.4960392035167063,3.8242534114493822,-2.1554361888415197,-17.35786720518802,-45.66446140502989
0.23333640747212314,0.5403639221696835,-2.6855074122988642,0.13998328413804687,0.695908378098578,-2.7615199523550267,0.30362385243356776,0.5617486034553281,-2.395628926335777,-0.031264939886277224,0.5453860790163799,-2.2638822091514093,0.30107622380668636,0.3790585376619786,-1.8212279031445835,-0.495165571952834,-0.1209644187409518,-2.775949125982437,0.2954556563864138,-0.05776572514777978,-1.4636154729608273,14.006818054571003,12.442510693842845,34.574384078756516,0.44956236420561363,-0.5221868306053982,-1.526098216959986,1.6073778492929294,0.6193009923319075,3.0336686583401757,0.640187905136409,-0.31971307279880523,-1.5606123053065182,-0.8277735535592385,-1.849585259612269,-4.623963149030672,0.1354335720545437,-0.9999739111470456,-2.6634359436518906,1.0556136644891723,1.8020498440682349,4.804620739698512,0.7180482120882282,-3.59000798460355,-9.960879473407804,1.4039801456846828,1.6885037153437055,4.454912700226238,0.38968243879826975,-2.287647333624194,-6.11040318300138
0.6340071686546794,0.23345793886735638,-1.248495951709141,0.0,0.0,0.0,0.0,0.0,0.0,0.4591748073227295,0.16450008564587792,-1.0047989408073308,0.0,0.0,0.0,0.4222296657038609,-0.14828056463004488,-1.0665733174802754,0.0,0.0,0.0,0.5074609713408074,-0.46616064944134644,-1.1654016236033662,0.6105481774511721,-0.333249003854503,-1.1372548572544485,0.6773903643007045,-0.35354713543759136,-1.249414945322606,0.7391829440109657,-0.2671530371855956,-1.3619811248217808,0.5397208295867214,-0.4581243724729895,-1.1453109311824734,0.0,0.0,0.0,0.8678837170185579,-0.7195524328788278,-1.8497057972959756,0.9612280110029767,-0.6379810100332219,-1.811986767980863,0.7292464624683801,-0.5953833715173195,-1.5397455789524037,0.8495590116131355,-0.6509864824794469,-1.6872485595041624
0.7829050359723553,0.28353107625455737,-1.5020051602726934,0.0,0.0,0.0,0.0,0.0,0.0,0.5376202951307916,0.20291210545681485,-1.1173542300886614,0.0,0.0,0.0,0.4208746837972838,-0.18140700563149256,-1.1008295722749644,0.0,0.0,0.0,0.4663282069364481,-0.5374415093610954,-1.385016692900467,0.7186292262802734,-0.3404338305093623,-1.3517784242905186,0.7643138365735435,-0.5233645370671665,-1.8055690188001008,0.9091714800809308,-0.24043587031306218,-1.6686366364615868,0.596625875460582,-0.5318015403359184,-1.3295038508397952,0.0,0.0,0.0,0.8651126753630939,-0.7825968367869194,-2.1500085719398614,0.9491148532575968,-0.6731861506170957,-1.9703661537809376,0.8024870844697556,-0.7853203593982628,-1.9633008984956568,0.9143054692934991,-0.779308244666865,-1.95214209237609
0.7628183160582032,0.25863779293666855,-1.4302828259805112,0.0,0.0,0.0,0.7649322750991381,0.29435129735653043,-1.3485771872529817,0.5536752424827848,0.20603805455383958,-1.13557665151675,0.0,0.0,0.0,0.42439382521322755,-0.11000414226765405,-1.0784428709437088,0.0,0.0,0.0,0.453283513126027,-0.4849287668746587,-1.3513013870184336,0.6988806049594507,-0.2907104983309757,-1.2780430726459435,0.6997582229441637,-0.5107554049038558,-1.5779316282032732,0.8893298491195604,-0.18625264483936377,-1.491678790460831,0.5828190359794182,-0.5322847533781387,-1.330711883445347,0.0,0.0,0.0,1.2263198984438943,-1.0931971158438345,-3.0047624943028586,1.1998177622756316,-0.8476728262423452,-2.4511834689480025,0.9637906425887273,-0.9093725669236069,-2.326334677504538,0.9227359092728041,-0.7804169709860321,-1.9556895810525095
0.7827966242320863,0.2597710635822577,-1.3951423274367567,0.0,0.0,0.0,0.0,0.0,0.0,0.561537033186196,0.19639029248912002,-1.1110857517683836,0.0,0.0,0.0,0.43831860453183186,-0.1430849089837754,-1.0877857562060926,0.0,0.0,0.0,0.4449246894781899,-0.5119157471999396,-1.2797893679998495,0.6837363070502201,-0.3383664979642723,-1.2937789882816666,0.6835001269981695,-0.5950708877141028,-1.5642235618615021,0.877296647944444,-0.25219810477100263,-1.5758216935259286,0.612119387310345,-0.54247375452837,-1.3561843863209255,0.0,0.0,0.0,1.1221036019832875,-0.9987097814165031,-2.653832074589565,1.12552036973908,-0.7852111005864019,-2.280688845854172,1.0310813571678223,-0.9767270286603318,-2.493986714677919,0.9498885388784016,-0.7887284451645084,-2.0319484244735984
0.9586061185283201,0.32769374147426134,-1.6618424658863313,0.0,0.0,0.0,0.0,0.0,0.0,0.0,0.0,0.0,0.0,0.0,0.0,0.479142892877443,-0.10922988256607206,-1.1163993189859565,0.7003940655211875,-0.03346886296965676,-1.2460609073432347,0.4812674796164441,-0.5223951679368554,-1.3400305258960887,0.7794825953519305,-0.37203683546137045,-1.5040540330427488,0.8610800252110749,-0.6275703305085641,-1.9227616748686964,1.0622909815934443,-0.25960418499768606,-1.8646629379514523,0.6410188303288916,-0.5535705439811203,-1.3839263599528002,0.0,0.0,0.0,1.0552331817224363,-0.8704472662715921,-2.4505702945493817,1.179834255861287,-0.7897132529534202,-2.4352994676372783,0.873935968473119,-0.8414765033303702,-2.1062935573393333,0.9707575729566492,-0.8367235848380336,-2.0918089620950853
1.1519684187145416,0.33302431432016916,-2.052900598562573,1.046479501759779,0.40296805416174836,-1.915379483180037,0.0,0.0,0.0,0.7306058493974672,0.26429272018117533,-1.3695900525187767,0.0,0.0,0.0,0.46616347903656313,-0.17966049615649318,-1.1233046723062536,0.7284088706127886,-0.10590488518169176,-1.3375381852550763,0.4729080093535756,-0.5258457654957044,-1.3146144137392608,0.761034400823883,-0.42731588299126166,-1.4991284554971405,0.9984976445440734,-0.6495070708986744,-2.1677595143799784,1.0216923135327594,-0.31804738267153854,-1.86176952123467,0.5978558719916863,-0.5141294364291323,-1.2853235910728305,0.0,0.0,0.0,0.9007977649379941,-0.6995718222953453,-2.0688356883097403,1.0315400301764135,-0.6536619693294783,-2.097064423821283,0.8131870329310968,-0.7612135673040104,-1.9218967519586034,0.955496913853241,-0.7505961609572775,-2.0370631165771482
0.042697993447701164,-0.9436513968511392,8.990080113813113,0.32976125807106,-1.2962610548495435,7.222720459953171,-0.6719859109106195,-2.620624180168274,16.38351363953012,9.235452723298343,-16.905810955779057,84.75662995031252,0.6509258548781756,1.148216879896609,-7.021903233612579,-0.9340144093259504,-0.6845400774965282,-4.037942158136272,0.4141851257148896,-0.3330965108181154,-2.617205072143686,-40.822625205414035,-36.219106113886475,-95.17522672910411,0.5747810228388212,-0.8375173302611111,-2.640395403662465,1.0653573039684643,0.595741506307045,2.06863069667277,0.9495305592173309,-1.0605525928882764,-4.7086573959818585,-1.252599989173588,-2.5958038412636784,-6.489509603159199,0.1899036164672174,-1.595159250294978,-4.43173662739584,1.2169240211578183,1.6210458287422533,4.842589412778994,0.20000181014896107,8.685399815564821,27.259735993407148,1.5882108818226708,2.12732218328028,5.459471236377408,0.5878107411008631,6.48342288429619,18.760744811726717
1.383379847088996,0.3341239386162264,-2.5154748762769046,1.2729397435143668,0.45728964572072117,-2.359992633397737,0.0,0.0,0.0,0.8071511438517057,0.2809505572935388,-1.5201238904161982,0.0,0.0,0.0,0.45151630736277837,-0.1572321490415318,-1.0933986607579131,0.7898048053579679,-0.16818970055262228,-1.468936978072842,0.503955435550173,-0.5627747386824911,-1.406936846706227,1.0054440943242198,-0.7442381278129613,-1.9987188795393092,1.2229212144731962,-0.9244565048892746,-2.7557931998639718,1.1729052908036113,-0.8383658796488797,-2.302423386462177,0.5713677135744504,-0.49300853141499135,-1.2325213285374776,0.0,0.0,0.0,0.9723918700727383,-0.7704573578745254,-2.222727955365094,1.2815115473565073,-0.8334856193536799,-2.5693317935444284,0.8218492935638874,-0.7662976965097544,-1.9341380125311094,1.2809791390761636,-1.0101557696905932,-2.7107437743257603
0.07708197419462562,-0.06194480913626337,3.2794677545850206,0.21370026960922303,-0.3168920179207703,3.0591501771587994,-0.13400449935387349,-0.3567671053278629,4.052776537948016,0.7692544826036588,-0.7627061134884818,5.662355304962353,-3.6503695523822843,-4.024520638752299,37.793144276330736,-1.5810083238938635,-1.0954768586667385,-6.489896491008376,0.61014213090264,-0.615612247232185,-3.7419059573100744,126.35302621153394,114.03034267071169,304.94095310901133,0.8343654680813193,-1.5219525528754385,-3.8565399321721783,0.9217022373054001,0.672411253982843,1.8802476070590934,6.980206495684874,-16.909602785804044,-44.32795876201437,-1.1160860995444115,-2.174747155697552,-5.490012129523268,0.2131861557258902,-1.4979098833359612,-4.162507032282683,1.2846490057126192,1.825878563926595,5.247643014180073,0.02500617837796712,5.755630695195258,18.060935285719648,1.605885115179588,2.1408200084902003,5.525899527551869,0.35440943021601273,4.817498733423113,14.017666996277972
2.468277633931046,0.38314023362246,-4.591977675735364,2.2426809226864046,0.5969721827087523,-4.325167514688746,0.0,0.0,0.0,1.1298898728110203,0.3041860823565069,-2.2452704911397965,0.0,0.0,0.0,0.5367628246059977,-0.21672644975204033,-1.3042113188032025,0.8629511372163378,-0.2232120684086409,-1.6237502039388363,0.48072894672649774,-0.5302970611484034,-1.3257426528710083,0.8837923681231948,-0.6621047388358632,-1.7644065647265246,0.9910767530411319,-0.7164855193762314,-2.1321019691075946,1.2617010734090963,-0.865794388985482,-2.4935199051233723,0.5580301148367869,-0.4666803952764294,-1.1991635998306664,0.0,0.0,0.0,0.9482047394791459,-0.6894243983552316,-2.1350323460283955,1.1537663465286336,-0.6665883344298866,-2.296110084166386,0.8392174886507697,-0.7174847389005872,-1.9300171643950175,1.0522283140225337,-0.7473324394035804,-2.195130544808563
3.0147890483580757,0.3285861269403552,-5.644518298660494,2.9225807668870325,0.6604979691805429,-5.6971199540682855,0.0,0.0,0.0,1.3128736077543748,0.3124865697532319,-2.646863889920667,0.0,0.0,0.0,0.5544849796558543,-0.2163919640933505,-1.3428446984520555,0.857253425785657,-0.27921149370644094,-1.6181478533462719,0.4626529648646562,-0.4626698070294099,-1.2861529321853629,0.6994127998153399,-0.508526233565084,-1.398692983532753,0.9238908892455613,-0.5803726588327307,-1.9890971635231225,0.9604293710953786,-0.5437545941922547,-1.8810047823722806,0.5043593465863628,-0.43017379642973747,-1.086373835292294,0.0,0.0,0.0,0.6797277910657453,-0.49741924026886153,-1.5483124217945825,0.8106655695670334,-0.48053996811785293,-1.6289634923186478,0.67481923643539,-0.5552144995735431,-1.5723847271330915,0.8018340037940718,-0.5547732537123934,-1.6828783070528375
4.596106925797248,0.44178664481970537,-8.620993426684787,4.602982882650226,0.9445002133065546,-9.018782041794545,0.0,0.0,0.0,1.6169790496995877,0.3348702926057859,-3.2957473808859015,0.0,0.0,0.0,0.59392277238923,-0.2209720129176147,-1.4428137528736051,0.904256941801774,-0.25592887965575417,-1.7012719823796025,0.4912663269986282,-0.49403416147509505,-1.3609078908719787,0.7731322297261121,-0.5433675736757823,-1.5472226181823179,1.1398163937812114,-0.7506745921129315,-2.431484680602077,1.3523842778799013,-0.7477620961587036,-2.6420284113123533,0.5330709645540433,-0.430648360339986,-1.1416902227058765,0.0,0.0,0.0,0.7600688749898914,-0.5394447805507333,-1.714998536414162,0.909556308971932,-0.5074100837365685,-1.8038704105227432,0.778666071955198,-0.5996345230704895,-1.7681104327954535,0.9344820857004262,-0.6013270454215139,-1.9237791733401752
-1.5977046084140203,-0.05091069083560874,4.842087385399804,-1.6364140225289856,-0.3129705682852097,5.132500647474041,-1.1065208483762943,-0.3122165305515035,5.17125966768303,-8.843101116161582,-2.421692762681576,32.82394453765171,-2.6350251608114226,-1.6818355098781637,18.083950822187944,0.44340903871530174,-0.4235275256273795,-3.2630494232991087,1.3914122295297315,-0.8798076933746661,-5.809076359888457,0.22682579625279847,-1.0606442534634457,-3.1207151746004573,0.8834818834137756,-1.6815885785166116,-4.516653520168991,4.302699594217665,-5.579951025917869,-19.849106014310834,6.3919538398166456,-8.13846416198458,-26.323508082729532,0.3618051677330197,-0.8881685828454959,-2.3642026491321007,0.14880067652724707,-1.069647710561458,-3.2134177435124887,0.9921786951674675,-1.723773895998607,-5.330610919188791,1.6847713505955622,-2.2868830399038984,-7.376894459116672,1.0370879260173993,-1.9887593596498312,-5.515937594991095,1.60442343155891,-2.3590582251685457,-6.871714861087248
-1.884209049082933,-0.2695802049337257,5.6770904277567835,-1.9334888843455482,-0.5922246366343575,6.139204692404483,-1.3144064145326153,-0.7371818492503377,6.104108745912322,18.928060313126842,7.148407391373082,-73.21960856579965,-6.734773831966904,-6.275391123398798,42.655414273609765,0.41336753767866347,-0.4044326893428391,-2.98708005667455,1.2964169060457358,-0.784792131782887,-5.257057889226368,0.3097258899109661,-1.0871767583062681,-3.0967401457095223,1.0111795718753125,-1.7371373241446626,-4.715606858875221,2.074438380964141,-2.6431906105846066,-8.909399654988839,2.069047634071628,-2.600314647548134,-8.816816427915915,0.38422755219313115,-0.8939473405344763,-2.3506834669444467,0.22001802509027407,-1.1179725393711624,-3.2507350664519854,0.9729740283379571,-1.6769951297334298,-5.27085039271125,1.6334558836273043,-2.323131025994194,-7.539884318575851,0.8755982802641751,-1.7716414463179346,-4.84761627668333,1.4164365780446333,-2.2553030907237726,-6.441359045400918
-2.8699869572465384,-0.6492556636897088,8.776005624239843,-3.280546627053035,-1.333202580725563,10.504760582958355,-2.1234751687439677,-1.6423304107275871,10.20327263930571,3.3663566326060774,1.6045572404815742,-13.084263714153447,2.7529190297248975,3.2076817830634776,-18.283633945927445,0.38266809660209156,-0.3382516790642031,-2.7903370902281153,0.8697843216227237,-0.47999245638444826,-3.486391511402566,0.3094446595025629,-0.9334744214005377,-2.8341651682122144,0.7620491918290028,-1.238590669612828,-3.3012522742478234,1.4346859989205598,-1.8685041823032895,-6.676973258160342,1.468584044537802,-2.0826704608093363,-6.178802742587051,0.3283046248016542,-0.8330279907898338,-2.2852609939506343,0.12837682219014734,-0.8768898298344349,-2.748717466527096,1.022479745268512,-1.8443648331387548,-5.996188255558288,1.3358604170326966,-1.9718150567492014,-6.528547888675848,0.8551315219011169,-1.88658975752147,-5.2012945744058925,1.184606121206305,-1.9795083183015463,-5.7808860868385565
4.876802418701466,6.628519094970882,-49.267694441399776,-0.245521524420162,0.2828957318291742,-4.409061606329008,0.2591862713457208,0.42654111026632235,-6.877783066577092,-0.09961211595650793,0.8084265078092081,-4.601811433036916,0.8129893770330285,1.1395846557170857,-6.632386026539824,-0.2916374115316701,-0.2782629721939753,-2.4250536278197914,0.37876780031524615,-0.3339199216874031,-3.019147354883925,-0.4148621833560133,-0.9774668768346207,-2.6788065659661293,0.5554158871915007,-1.2308362251007758,-3.6513644234446923,-0.6674878218785055,-1.9589152611327472,-6.55072883225796,0.7749671475118565,-1.6128419833394187,-7.624202020084593,-0.18609516346991153,-1.2607526632541153,-3.1784397547924224,0.35979562770832113,-1.4478001332350703,-3.7680256287688376,-0.24638705983199766,-8.595082452258398,-22.78663046849851,2.0952959106301083,-7.631549257155966,-21.344260146164707,-0.5215777432918883,-3.7688690071577677,-9.31881057463845,0.548093423569986,-3.1381125415545497,-8.24834665631316
2.1615024622514967,1.1910582282655964,-7.694380352526088,-2.0058981103215094,-0.25262354016602634,3.9730705492067244,0.0,0.0,0.0,-2.8783695991887557,-0.24735895139278835,6.083274503418411,0.0,0.0,0.0,0.27053934357784826,-0.24176958637740892,-2.1668072292444007,0.7092617723086893,-0.18128943501281725,-2.5795262267822014,0.38045064059892836,-1.0062688809625993,-2.903564816802504,0.9868975207771437,-1.0431153656337813,-3.4189196466197442,2.1822104264498345,-2.698986006585624,-8.806319711598064,2.7410966981507596,-1.8827474345051725,-9.308529662605519,0.6189489351144722,-1.3369988798799242,-3.2882191271275136,0.573955187718468,-1.4113843247558138,-3.982108023314358,16.094323409929338,-23.723443717235003,-65.10820211213239,10.74846709288161,-12.686539347175517,-36.035126933917915,3.4861396375799942,-5.987885114558463,-15.045225219923053,2.8302397210083305,-3.8596764462256457,-9.999399563174249
2.4711469265885984,1.3186210360927793,-8.339335367779983,-2.1208566458361884,-0.27395722190496646,4.199036403843705,0.0,0.0,0.0,-3.0617913064060156,-0.2757825487201576,6.471444309475331,0.0,0.0,0.0,0.27794311172041536,-0.26840156272195675,-2.1711324452071827,0.8457418263990963,-0.21013776807574622,-2.85810608365298,0.3051767640645593,-0.8946479950802756,-2.632154222160615,1.1717428584387262,-1.0932565412538007,-3.771112354297287,3.2948352548768725,-3.2927102875494,-11.908707975737649,2.9434888423380188,-1.707036016104325,-9.48979544672998,0.7240297372501264,-1.4357407859604576,-3.5591662816185825,0.8165600749583583,-1.575615049365512,-4.606026046260775,-9.446272003742585,12.60496500697679,34.21298662408854,-49.04911914608846,54.39420465816706,153.86703212733582,11.911290663971421,-18.247623290805794,-45.77578583129693,3.7075715324472998,-5.014804365860682,-12.760425272179914
1.5064514409033454,0.9004729215799394,-5.521320178064377,-2.306463174918754,-0.312508266871091,4.562484027963755,0.0,0.0,0.0,-3.573041961331659,-0.3538015254056501,7.532947583954355,0.0,0.0,0.0,0.2489376765625552,-0.21613191676111052,-2.037480298980766,0.7080435671150863,-0.1660451705123608,-2.5659044557977895,0.33411760262202134,-0.9014752304137339,-2.6363813509168716,0.9538740909423051,-0.9414347437330879,-3.308729950365082,2.12079458635983,-2.1921795489570477,-8.043908383582734,1.8248734547573857,-1.1956848683282781,-6.245210659006622,0.6387106875371731,-1.3316848292071652,-3.301338743137418,0.6522984788685936,-1.503738789999898,-4.264285649681784,-53.963187158556075,76.6753560926951,205.42101607127645,920.3416349122406,-1082.5771398273068,-3019.6871409704013,3.577567005248457,-6.073124626134522,-15.206739519691624,2.2756097835536493,-3.459478895210088,-8.763537565148681
0.380350408891073,1.0512053462660997,-6.132696097723837,-0.2954395544307797,0.26778216936995475,-2.428839827432081,-0.12679934781935123,0.3164364688237478,-2.7919377531362928,-0.14719589433106878,0.56527956299451,-2.900502682537669,0.38946520374779,0.7229476098611066,-3.6895542578404568,-0.24395396355744892,-0.3191715485581885,-2.025766872959945,0.3276935521279869,-0.3439459373125544,-2.8172212083248693,-0.39914815104751633,-0.7964578255525386,-2.3503449219935444,0.46125558257216304,-1.0241139931334016,-3.2182334251810385,-0.5963236791628204,-0.7633263114242081,-4.353154727950713,0.6681551404409827,-1.421162370091633,-6.11474415738456,-0.2109016220620561,-1.12181837199684,-2.83111195751326,0.26332143147336934,-1.3490711389289822,-3.6428483624216215,-0.5965540391829875,-2.2512542475891784,-6.200653928507501,0.05458061479567305,-2.6311481424570298,-7.432679951119197,-0.5292215460101506,-1.9021649902973856,-4.8256000527887934,0.07207193090857689,-2.037004600284584,-5.645386151816881
0.7253189256629745,1.3493764467666511,-8.888306675787002,0.3087155694587347,1.3935537736937063,-6.837249006454961,0.7542361787452577,1.572590960779632,-7.75778777355708,-0.11829833608218608,0.6245033466889757,-3.460292083281361,0.4704777459774033,0.8008172024639524,-4.259355721655597,-0.2557502196558271,-0.328335507235729,-2.1996046295926313,0.3793217290400437,-0.3894330379702597,-3.073322692932777,-0.41071119763628483,-0.8270790413990554,-2.45113268151538,0.6217407473466883,-1.2629991226396085,-3.919129579074351,-0.6510409774761085,-1.2142551656607705,-5.187675880801294,1.3201736390426682,-2.0825165830908134,-9.023224676619844,-0.219509672198859,-1.2202760341715193,-3.085886101035157,0.29754709937512275,-1.4743511881505442,-3.9117320362573027,-0.5991134204907042,-4.27805228645909,-12.013912038528813,0.5193680162158412,-4.315401633648555,-12.47577799473133,-0.5055281356174598,-2.9953454608635934,-7.64430379398182,0.4339487015444895,-3.110338524103561,-8.710870110425342
0.5860933334692592,1.3511323817141505,-8.436171770876015,-0.35275073889702635,0.1946787404673852,-2.5102209431878117,-0.18331365302442168,0.2385323813961193,-2.9037025905088005,-0.15738395975637087,0.6336011618051621,-3.48547600323796,-0.052927391898697475,0.18972435994287054,-2.481344677005126,-0.26159604825368565,-0.250106796051181,-2.2446946733845468,0.3326011987147092,-0.2593879720714182,-2.9974223167751397,-0.39927912443963987,-0.8090317745819136,-2.610578647667946,0.6670301007169844,-1.1520718569970705,-4.138755787361187,-0.7236179460814313,-1.1816305278767223,-6.173355648612001,1.403052694215534,-1.5523705644022219,-10.130197436317241,-0.2047131241568645,-1.2224995125511178,-3.0628460371041397,0.26771607963320376,-1.4073369061374992,-3.7231097258302106,0.05152493618713719,-21.58323288214504,-56.5356430059945,5.899545231392668,-23.391353158687036,-64.92005749103849,-0.3055275206395392,-5.791618329185638,-14.351542177305848,0.8511756183735896,-4.2414379710101375,-10.971245445967467
0.5822738073247409,-0.34529796475431984,-8.351211319930997,0.2848821404412898,0.10759220221471606,-7.3377037614353275,0.618716511842735,0.08942622632801826,-7.398731468838617,-0.15806514492116197,0.05200604861239299,-3.6872607003577595,0.3472433431855453,0.05808101219881498,-4.000120204235862,-0.21763330770651076,-0.5508694375306128,-2.4050797047182373,0.32162323075286947,-0.6640166640988663,-2.95645773502198,-0.4993861720105085,-0.9343544846484648,-2.9823489501660143,0.6160686361269488,-1.446066539698285,-3.889930744046978,-0.8041667603841742,-1.9999861146956825,-7.709296904951655,1.1556437214655502,-2.6698917440247314,-7.921121010652919,-0.1367439150818948,-1.3183345692222017,-3.3082378179283447,0.2871965663847938,-1.4998435819369291,-3.736094375056102,-0.5716013448274797,-3.40351542422794,-9.206320149581915,0.09954509474328908,-2.980084241762046,-8.11809177549259,-0.34442624354191836,-2.9188872460990924,-7.523488470388097,0.31265495498182194,-2.377083223883336,-6.632592028511661
0.6432224406991233,-0.941633025675603,-8.665589958709791,0.6508614157746939,-0.750476531251244,-9.807745736471906,0.6514707375132718,-0.5303984671746579,-7.468410697009708,0.628751969481707,-0.7311368408525989,-8.723823907414996,0.5745308516024275,-0.3474624516495559,-4.774520957459697,0.43042344103691516,-1.3649368672916136,-6.117049505818399,0.7637868766256837,-0.9521068511180715,-4.254750279655563,-0.12687304099961616,-2.4790905177025073,-8.42620438508747,1.1549882625539116,-1.9759154726884067,-5.509813273289164,8.728639132590896,58.79140698162647,203.11353375869365,3.5982344409653932,-7.848964213567849,-21.451012680205498,0.40577614519206917,-2.8097773777534094,-7.136225813801823,0.6147020133926683,-1.9370089568932913,-5.007634972318891,-0.250754036645342,-4.511375638628524,-12.567290740013162,0.47104667296790725,-3.6003195165149235,-9.917370529796125,-0.1311903985236269,-3.504463314055585,-9.37140401087992,0.5611634478655232,-2.8185778388585345,-7.785988612176117
2.3676572356361536,-2.4431960686913023,-20.918212637440448,1.007534599695009,-1.0181744420080614,-12.914786989200438,2.0732842160302822,-1.2016536613641344,-15.930940199346056,0.017122774171338787,-0.4166944181300109,-4.7580116325621535,1.0393076338168108,-0.4930179325765803,-6.696576006594334,-0.11329623606588834,-0.7476811367769944,-3.2359438185219984,1.2483494390569752,-1.3962453696773807,-5.83088847851886,-0.44459930141264087,-1.2227548377278947,-4.100553750389203,2.320360604043753,-3.4282889071279703,-9.338336956800505,-0.9851209947224848,-1.8793963302168164,-7.723331356336478,13.805115104372288,-26.46850927143371,-71.83703615472523,-0.074388696557601,-1.601258981059425,-3.9716156453226144,0.87058969003277,-2.441273801058677,-6.0425786977820275,-0.4698900965203635,-2.779654114052263,-7.670310248133681,1.4162423432640427,-6.561964376121485,-18.283260734576395,-0.33060198857063144,-2.7801753011222203,-7.389804002900316,1.1578396003360172,-4.014262282306193,-11.232788989579188
5.678619452873905,-1.0750873141713528,-44.432096391240464,2.681943099688588,0.7112464934304941,-26.597404788569257,3.694043427546208,0.6649158180346225,-26.027771245529554,0.17371658035104914,0.17230309398776025,-6.145131945737666,0.8835923369275148,0.19516637296977177,-6.30764389391967,-0.050623850289200314,-0.8495177043377674,-3.6334415276424497,0.5692276495393774,-0.7960604203952171,-3.8259345311395037,-0.36620827244205423,-1.4301365671131465,-4.406628675700715,1.252291556449213,-2.0084343292358953,-5.930141667277229,-1.3830573087253082,-5.826167247613675,-21.45088913629904,6.20740831518472,-9.430504270052586,-33.46135379715355,0.13087176879861462,-2.191208627300571,-5.3569294454961875,0.5694714763299114,-1.9335248696774847,-4.8918702157639355,2.3975316578941377,-32.57480349696912,-90.05082518052822,2.573082781442887,-9.444800953884446,-26.648426312801874,0.2689322347712006,-5.935635304186201,-16.025167770367887,1.3048495969138414,-3.969724794600456,-11.794203418410008
-7.0343742070000275,-2.3016931496623516,38.76523162293058,-19.875214684069828,-14.651347742450005,130.06645145647312,-14.10971582740641,-7.641956910085285,70.62364633191078,0.6781496964621687,0.9793314907393625,-8.524148631998646,2.5600116368977064,1.3236926898371622,-11.915382862127691,-0.09667953955911933,-0.6152335662323073,-3.0414657994695533,1.3463515617422395,-1.0312310041305384,-5.83004375244459,-0.3767192997906169,-1.0126607450398302,-3.4543811149858934,2.7370788372076875,-3.5617658896906494,-9.836430777574062,-0.09585712102967128,6.360907521883418,24.050913124954903,-4.985016425332661,5.267489708494406,19.652916210897274,0.16408275674076359,-2.128045348827126,-5.263755375387058,1.7055258009799479,-3.49199796770531,-8.986934649983976,-20.359596902027874,131.0777323523137,356.682651527558,-4.109673623666665,9.116417213287535,25.70726241174236,3.12562590220342,-18.094905950546945,-44.93932553096035,-76.55886264586641,151.71040736600062,399.28647054874125
337.5442388955159,158.63339491702362,-1737.776515482126,9.926670755532605,8.490845417140319,-59.36124656500211,11.252716036219363,7.412805144833871,-53.55678733707528,0.68773703413039,0.9907589167839292,-7.211403218040286,1.6765430565381654,1.033914812996704,-7.725158416206119,-0.027650915050532587,-0.5320441230001834,-2.8908329395255197,1.1126737619354887,-0.7773302268264959,-4.964894056876902,-0.3004758632634086,-0.9600330633066214,-3.268198117552701,2.2764123921272845,-2.86761468183623,-8.659445635680084,-0.8772817975200878,5.765219581485803,28.672626325332878,-6.032594522514302,6.890382250913594,25.452758029469166,0.15750543453713511,-1.8409953160967711,-4.6124433356944525,1.199351320291698,-2.5633345119979243,-6.811698696370707,1.7610958804321668,-16.304671314967166,-46.601616335124746,-4.048279302334612,9.846746533600358,28.579598967598628,0.7443032714277656,-5.495002838975099,-14.213678307553648,21.734311507283202,-43.18149488059303,-121.21308651513684
12.394055091265567,6.782506833891567,-65.14881587264571,5.534214747491841,5.206084667170227,-33.397377966960185,6.1414143503347995,4.439337723385495,-29.760110606831994,0.6257887313347824,1.0102140551255494,-6.647727613538675,1.4410499498572242,0.9837765536397161,-6.844467750384296,-0.025046287516652818,-0.4952306814753626,-2.819163136997605,1.1396529516623426,-0.7669557830645957,-5.07638182564375,-0.3069586938922824,-0.875306715015369,-3.288587139973688,2.5358123047786303,-3.344413021893905,-9.7227770567592,5.869332810088075,-45.7149037619808,-276.0256839388898,-5.076308561305626,5.785235317416964,21.357116484383184,0.1676690728135527,-1.899250487241242,-4.761836605916674,1.3047508080924854,-2.8104961779774227,-7.386091629630499,1.0720212851647497,-11.445885052540868,-32.19629956516325,-5.2354124529933195,13.73558277224746,38.84243490744213,0.540970703677068,-5.2467994468982315,-13.410918631768855,8.32252772378247,-18.225344555003776,-50.73596489811215
9.29385010381877,4.47405792055906,-51.28672993676239,4.944251232696384,4.282509628672001,-31.1027201391571,5.178609910040135,3.4068093031152937,-26.205467085645058,0.603953236468109,0.9107207075498941,-6.850427560318906,1.3407438419870048,0.8191421353357191,-6.72347916323045,-0.06817445866445979,-0.562945410737065,-2.9132035936593477,1.0581259199694908,-0.8020373696892198,-5.011176082666138,-0.42260220572936746,-1.0882709520893228,-3.6594580256060483,2.6337175436470397,-3.6962777963942894,-11.067734239018934,-0.22656916432172094,-22.700613096024668,-101.02296115842171,-5.7322701444687345,6.749033115302211,26.495858486292914,0.17006183624813548,-1.9549839531110476,-4.837094104606845,1.3029003214347015,-2.834761840302453,-7.471783242663995,9.19995097121043,-106.08981005543835,-291.81429299056737,-2.233434837727818,6.263510378084948,17.688611249387755,0.6164521099127499,-7.661609435908106,-19.309944800463004,-16.669917857526162,39.8262912115396,109.67470352448339
-0.24358446125462177,-0.3415004134395019,6.00902415245488,-0.12671319934190628,-0.6416963504234156,6.431964747239943,-0.2801304980287134,-0.5403552296546454,5.977174106145968,0.8772031451013369,-1.3692620690366335,13.848474514716084,-0.09555409853556866,-0.6994346323249099,8.30075201437194,-2.502747536802142,-2.153791459240208,-12.4998637457384,-0.0203470000659557,1.5459992065440968,11.523564005523484,-3.5767340363281916,-3.0645921277108745,-13.732256853156763,-0.404363589120957,1.4047132005219534,6.769381036235601,0.7618722883541037,0.9930902384026363,6.0528582695896045,-0.43281943915878957,0.7553690219563919,4.844738633529628,73.92945051323578,174.7705303042453,588.0302966096164,0.10371914672866413,2.785291693162872,10.281103557586729,0.6254896338284376,3.012130725619748,10.813912744419381,-0.17025670617150626,1.6315676228583926,6.136008780928937,1.044459584092342,4.595909840845401,14.648432928133307,-0.18085975274662114,1.775402686887822,6.262173693932953
3.518895222162308,1.3658409587686646,-17.783575284765156,3.613475687514967,2.454623262635685,-19.838098180835786,2.0949546205506615,1.2318225895614094,-10.418357489262888,1.0529910859359026,1.0472247673177106,-9.702538412529407,0.7194819823239514,0.46243695250285055,-4.579746043474665,-0.12842277208212766,-0.6772704928295784,-3.3282951190136547,0.7696233560632689,-0.8478451388427655,-4.567903619939781,-0.4887739667486127,-1.1333755553200824,-3.8693941186451606,3.0034542853745556,-4.346751276086879,-13.034397640820245,0.924174503913976,5.9577320092193995,24.676958806293957,-1.7630696908105365,2.7436360322474624,10.129557150145823,-0.11653448053484236,-2.461020296067211,-6.139121614690856,0.8527535901289055,-2.9588093591847424,-7.829612759590258,0.768617186717646,15.448719955393768,44.142001084873385,-1.0563079704834448,4.50583705282515,13.158494036523386,-0.9096198157066127,-11.224175670171576,-28.390632254966764,-2.0654868096470396,9.069757043126696,25.022891401734892
2.755248539487035,1.0565381683865351,-13.608979755413921,2.655598940001056,1.8185713540642077,-14.452848245756417,1.9028758807082211,1.03370358730443,-8.944074958395742,0.8853966183491147,0.8871731968924491,-8.499046522481578,0.8017621607723382,0.3867570041935261,-4.487742067303799,-0.12917286220857033,-0.6910671743733662,-3.2223774016757223,0.818470704230371,-0.9109848515686094,-4.573546571086491,-0.46121492248383317,-1.0314440498547415,-3.7424983436374095,3.8798849515128278,-5.130857328116699,-15.65025263388838,-1.590421814728358,-7.559712251922502,-39.808738634527124,-2.4874731441768243,2.771467019404019,11.318344848400493,0.04142858788862122,-2.1522468618373183,-5.361504625547107,0.9502862044178096,-2.5842861899635756,-6.582947764691083,1.0654190661100171,-15.88500786373382,-45.58481781859236,-8.828340984851259,22.63732522389087,66.2984932567819,0.18623849819074537,-5.285740730588591,-13.739867945309786,4.668628012512497,-10.724499390559522,-29.61983872298896
6.906339268738896,2.966791271374047,-45.34661262394993,2.6804209036132924,2.3915908533013446,-20.84374125686114,4.584196160613607,2.873553156609173,-26.735233354069212,0.28953197967051597,0.5362887136274102,-5.493242515359214,1.2808219168662491,0.627836916678906,-7.18145787685889,-0.1731615741980055,-0.6413628001673466,-2.765278496699233,1.1050111125133142,-1.153318484305293,-5.6773756174142065,-0.5045440308470585,-0.9992914279929244,-3.360242416875957,2.4959789744785814,-3.4505435808520577,-10.193807128798662,-1.7684255794461647,-6.8481801577838,-34.03495164190077,-4.089770261979526,5.34210254584493,19.25063776810304,-0.04063370008744769,-1.7405491989443256,-4.276882214048615,1.0694658626758384,-2.810713616828115,-7.440627781983172,-0.3490235112086242,-4.979094122227982,-13.970636348595866,6.392936091002984,-25.837498355534834,-74.94446326644729,-0.28350944485003216,-3.474681672378068,-9.008225713291791,1.6802644722127642,-6.276501412348569,-17.748479488291593
-11.696920546161,-1.7864038037476078,70.29028433550285,12.393226086290548,6.848284448890974,-87.72466689779054,-120.60931827958254,-46.07082929355788,648.5128906284666,0.4462448065103521,0.49966544179184574,-6.611600932815896,2.077686815751353,0.6887766941282629,-10.597027132096471,-0.128350589178394,-0.6186136566143812,-2.720257070677436,1.2951101743192088,-1.3876545929886066,-6.4324593871154025,-0.4421460032860888,-0.8858884987105446,-3.0116017374983275,7.106874381995851,-12.978976646194257,-34.988625765603636,-0.6388170021787796,-2.37111438747929,-10.073608738251652,-1.4151537305417747,2.2667729311766784,8.659599951873147,-0.08195205560744846,-1.7769721825845894,-4.472828717395277,1.2729479642781556,-3.7496985043813114,-9.546529905593749,-1.6736635447243915,-24.297807122979293,-65.28481701362051,-1.2066894021126282,6.2574998024161,17.4355160900141,-0.8163297356045379,-11.6251046569402,-29.29690486016525,-2.213372382058031,10.503183174903585,27.9529345715166
43.20972675425499,7.570703055229386,-250.7071082667292,5.540548688562456,3.194449217245699,-37.26863649231465,11.346630436922648,4.6224422423124105,-59.11120372260984,0.48021845418671855,0.5447988226569425,-6.166609620244406,1.6689133296309833,0.6347835182843846,-8.434729696249503,-0.12280147738667843,-0.5730601727677611,-2.655938516493831,1.059630203009466,-1.1896955463474714,-5.498579936796412,-0.4335260240158867,-0.8099183392910273,-2.814578254945859,3.234304897709945,-8.135774302801918,-20.894377918574595,-0.6423521781042483,-2.015565601371875,-8.579067179967577,-1.3418654199835502,3.409930851081158,12.637239700447605,-0.15997667278167,-1.7113140912080536,-4.31807799696616,0.845177293418174,-2.9625969432691575,-7.8019978672734265,-0.798187821078907,-12.57113276871746,-34.50061063109569,-2.0288124120249735,9.581822716732667,27.175038945484857,-0.824547148969204,-8.075352224004945,-20.758322913135768,-1.9585138731199114,10.338477774392071,29.35526322248069
15.521037105183051,3.223223507257973,-91.2424584877132,4.620116936074564,2.8454070290231734,-31.144074261187477,8.680343498133341,3.8072182940957044,-45.38534762206393,0.4979151181265817,0.582778331717256,-6.029827440407256,1.659294214369602,0.6780127379127482,-8.249286509487362,-0.09945031192413178,-0.5417661824028257,-2.5920125532139964,1.1690249934847954,-1.2612192641673177,-5.7833704201192075,-0.4291016720132014,-0.8212767846654472,-2.9056968961634664,16.71953031064622,-38.562085855505046,-101.61949062214362,-0.5814412906130835,-2.2547852078419686,-9.127589300789587,-0.9751123862243914,2.492812904303702,7.523518726683596,0.0024043778441793498,-1.5172177534192308,-3.7412994064458176,0.9457915969749474,-2.5763785623406004,-6.548902564621832,0.6365951441052137,-6.68168137309917,-18.25115428892618,-122.52403189456834,360.32817334875114,1003.1562563599732,0.00529886097219784,-6.0555078164806915,-15.887478881072504,-5.465761340527813,20.925532690165177,56.50335758986274
8.270034331759339,1.5971005472840734,-47.918080109391326,3.7043240871057574,2.1479116846332964,-24.011838730277994,6.365293381601305,2.649299423521544,-32.719291072880885,0.5378599694148426,0.5581575694568919,-5.667676539736266,1.585099936090919,0.6198807312128553,-7.727040037156602,-0.06368453839307302,-0.5224917599547098,-2.5215359952674983,1.1704436085664982,-1.240508466968015,-5.749410592748764,-0.42422326379652203,-0.8119356192748084,-2.906604973093392,-26.192025580271842,61.47345350263507,168.0209126870219,-0.5712123831129164,-2.2645400652597334,-8.834773700655882,-0.8098019907918774,2.335408289563035,6.916155045730524,0.11471355288114726,-1.431061400406639,-3.4945200182350873,1.0219992944203078,-2.452408396465584,-6.191229623873163,0.9842737801314884,-5.25083738228001,-14.11953582087298,101.25399400444994,-239.98500043168428,-657.5894842112809,0.5556813446329864,-5.185918179743547,-13.292695284495831,-6.7395344621724105,17.447107790918277,46.25535409236687
4.658926104612135,0.28804886698975435,-27.745296477889507,2.6845440645405367,1.2296646189480838,-18.018307340703704,4.0880723706270565,1.299701559966636,-21.5783696215652,0.480471584502162,0.4440597535470844,-5.393565246439686,1.3384455864196492,0.4332633739277863,-6.796541852659661,-0.09169129469483876,-0.5079533481755807,-2.4188328758355833,0.904044662108289,-1.1515999085856274,-4.912341367267331,-0.4318601554649221,-0.715451631848369,-2.671754325810297,4.973037405833021,-13.513018974589311,-36.71119359680368,-0.6985576164844075,-1.4553027887091028,-5.723692228498733,-0.8045966052770146,2.5781360973431258,7.660178755128124,0.022493819228934578,-1.2826538403925978,-3.1684742932466867,0.6573078827580056,-1.9175697171919377,-4.906647472494433,0.48340940183618913,-3.79431035555464,-10.506793083151218,3.462584684439452,-9.818629212678617,-27.40547154450045,0.08068040310667444,-3.5138072705061365,-9.114478685474648,4.131962421006914,-14.2570535280586,-38.94787760603062
4.777484531280296,0.0882801271047879,-27.277949089326352,3.0217515608138217,1.1421933371031157,-18.916692402935603,3.9137310405392145,1.0137111620675994,-19.995341544845513,0.5733458235822125,0.39768548365274126,-5.54369268077996,1.214346926635623,0.30436196633719426,-6.210496370057813,-0.062480260086464456,-0.5389229438173123,-2.4630053071342117,0.8257812974227247,-1.1184878586014826,-4.513145162774267,-0.5003592723208335,-0.8523293188836719,-2.9795778410962446,3.9348461104844596,-10.852106604093299,-29.424809754025684,-2.892260062028775,-5.2988199097147275,-19.007968661101962,-0.7576515780646222,2.4228329868353797,7.306530886829368,0.026481738211843336,-1.2851715199391416,-3.1737929028616247,0.5542543785033363,-1.7739940553134546,-4.533761340285614,0.5611231876660259,-4.157124424377401,-11.5827404308951,3.5181651656083037,-10.755099415725935,-29.83355560774282,0.04308245296511679,-3.659716000881903,-9.5800059233595,2.587357502718238,-10.92215459959226,-30.244926745843483
4.276929439328943,0.020749712708353765,-25.1501305829828,2.733043257220794,1.0481495237387706,-17.83972844653949,3.7532423692637367,0.9602709202960159,-19.505722098122252,0.5171215034787002,0.3879383576428345,-5.440687775461955,1.2404695689397156,0.30746752500436714,-6.342524430460702,-0.07736628146287385,-0.5302299039096734,-2.439123943756455,0.8089145177262593,-1.1282813415385422,-4.510099899626511,-0.4786239827151583,-0.8073835102722671,-2.824163749450646,3.014455327519801,-8.210946259591992,-21.947413456640515,-1.4278883507300093,-2.6042521048151026,-9.39518347408472,-0.8996069353864188,2.58284586288015,7.894034082496798,0.017332379856219896,-1.257937699544691,-3.091383407373275,0.5372083618570594,-1.7403642440174032,-4.431552185809922,0.4708801082033909,-3.746017503848474,-10.302333295454844,2.8803883201176683,-8.729940497616864,-24.07756989928614,0.041506386366994254,-3.3528946711223426,-8.716651482966489,2.5456376397338105,-9.822867680588793,-27.216960167729574
18.598207254127797,1.260553970849234,-107.42261850620555,4.692713696894238,2.0400694023424126,-30.719428684832923,8.868871162881762,2.8304096369964,-45.82235341070467,0.5489266340354251,0.4165615939616234,-5.7214233349833155,1.6504012800690335,0.5030522394932585,-8.138170924835801,-0.05663324769405217,-0.5277508692577968,-2.4807055967220117,1.1844287311907524,-1.4796184324634507,-6.092777588593348,-0.4985078260166228,-0.8808749624762415,-3.0126697039938595,-28.558921213265563,69.96665319699797,192.41081692419678,-1.6726802765501556,-3.1994019227046846,-11.664313304579814,-0.8504309167707624,2.366389820738355,7.55909194026011,0.009196808017964745,-1.263034492597943,-3.120133275723959,0.6717266095961422,-2.1345530414655767,-5.416454727456564,0.2348808313985477,-3.36116495917255,-9.415915725680913,2.9373134144838677,-10.739215429412093,-30.27512533979413,-0.22097398112020483,-3.4047877531076414,-8.961805501411307,1.159093491097942,-6.970385729962793,-19.645933683338335
17.028053003610257,2.2677555122873017,-98.33711157946773,4.907696788160658,2.6095139785754897,-31.91030048980105,8.365860376753524,3.199162110835628,-43.228397638515794,0.5798743298097623,0.5212422032599343,-5.932278753616038,1.5602640045096838,0.54852649062296,-7.786121785709533,-0.06919241585706165,-0.5054489163704208,-2.49063777484959,0.9958184182018952,-1.2064032297311917,-5.1371146940735395,-0.502504491025564,-0.9246589310906007,-3.00893537443339,3.997510259872662,-10.301047101786846,-27.821245874692675,-2.3069412816150523,-4.191211110480148,-14.652556414008364,-0.8817126230856944,2.9494451492231684,9.754434163410272,0.003490600210512664,-1.2545637762899613,-3.1302814524284353,0.6367014253036138,-1.9761504084519155,-4.991647635010346,0.30504747979093005,-3.3286427903248486,-9.155535406600405,2.5471580958164197,-8.036330156774998,-22.313954584626522,0.007450759545774992,-3.0256534289083343,-7.872941418999314,2.198333311382716,-8.850450369035016,-24.40602811226403
-26.329690618254343,0.09633412144252879,70.37476649879363,51.89404567939403,6.583790580527437,-146.71139002121828,-2389.0401240956617,-427.091209927705,8131.217745089605,2.00360066660688,0.25959629078356167,-6.640856177017185,2.3882586065007203,0.5632740159622087,-8.809809078717496,0.48792410147219417,-0.5492790326442828,-2.4215394866780753,0.9595942719870634,-1.2429617774487025,-4.796172811363439,0.31917587407980647,-1.0132828123079545,-2.7890317375455855,3.880427260667445,-5.601611037212852,-14.971525919066451,1.7312408486683462,-2.9247156467923117,-8.757585947240674,-2.3996290068323956,2.651907187336439,8.414955162555323,0.6939142006812471,-1.1671695414527334,-2.9456961682639107,0.7920143487983151,-1.8291696795010015,-4.606128566897628,2.3271036272495507,-3.293307168561952,-9.182246690775607,7.166213686215342,-8.720991547388401,-24.36909091633786,1.9520612922046512,-3.3474580628731982,-8.706051644109792,11.094188265605174,-14.035485828082589,-38.67965316723034
16.60262548181412,4.322389293170601,-91.38400029034193,4.833859992180196,3.2226605177594476,-30.49826932906246,7.362976621148782,3.5982879681404296,-36.79926897272903,0.5644729775169393,0.6258918703356724,-5.850169660714346,1.5081117322845032,0.664903765287634,-7.341401938885682,-0.06210970881429965,-0.4539125411396492,-2.3960583219324425,1.0818342005908468,-1.2694870989641767,-5.434709396445825,-0.3740797435860168,-0.8025759078843387,-2.6466530890523825,3.8239449211945273,-9.99807966325013,-25.827935949912277,-0.5818807619542911,-1.9591734971247845,-6.406799294791148,-0.9626579499808017,3.482364255100054,11.181923002648901,-0.00686663937861377,-1.2295288930276422,-3.128481959026853,0.6962259657782432,-2.1642703234089535,-5.460453155045648,0.285973672865551,-3.339927459585673,-9.593788656591306,3.764671471793031,-12.05313501907465,-34.4244501784938,-0.05921107799493937,-3.4575198521773345,-9.171378472970225,3.7369274875601035,-14.92910075623781,-40.83499003241655
9.143949826265258,1.7737315477176152,-51.1406787904605,4.082237528264147,2.344638673241553,-26.246758957709698,5.666137027692975,2.409031236791743,-28.835436329480064,0.5497297190846531,0.5525692810698533,-5.957664461859604,1.3954247440453862,0.5620185288536946,-6.988311285251929,-0.07713468416167622,-0.47598685519156547,-2.444464014879198,0.9275482076315493,-1.1956843406043287,-4.893717662382906,-0.39702502793543,-0.7651158571809222,-2.605521107959675,2.237533580104534,-5.690117581200988,-14.225273527747202,-0.5808452564554856,-1.84930961015138,-6.067067407200969,-1.1905974934217247,2.9639096492246653,8.898441087707656,-0.11308982635840438,-1.424980638112967,-3.7466333494733144,0.6036569595495446,-2.4920891038835755,-6.286458197657429,0.026113182382177413,-9.407653926923862,-27.531181892087087,-2.304327944448623,10.451743784777863,29.716963107539268,-0.5153857262921243,-7.392444134319475,-19.34972946504772,-1.7628534278146513,10.263510222136448,27.842743787130807
11.563766012024795,1.6338569724605152,-62.6092984256124,5.115347324585782,2.567257882000778,-31.294434303283804,6.656546027444137,2.448747633097209,-32.83919955694428,0.6277549623125583,0.5608771157565495,-6.324351421708208,1.4128420254949843,0.5106103006837999,-7.00418054689408,-0.07908776024169106,-0.5008907050233916,-2.513351938098317,0.8872970426593126,-1.1426072834311705,-4.676303170272984,-0.40305452794345,-0.7301888242473474,-2.5661680752624814,1.7933366620598845,-4.776290430009453,-11.957981810845304,-0.5597697367015053,-1.4097280810909687,-5.003155272457994,-1.272666271962031,3.6687000828755063,10.955528416628859,-0.12267951311312715,-1.409885827668314,-3.686878343541307,0.5221010297619382,-2.2051315812605483,-5.5807966516465255,-0.1398663157351543,-7.4176782341590535,-21.348766705311018,-8.74245092884202,43.49132760514341,122.64850810695177,-0.5537830988655041,-5.628091572443631,-14.663643481773908,-18.650633330675646,138.5162245380822,382.85104960060625
29.39449120383663,0.016451068310218152,-158.52895487674834,9.377468189694081,3.297070691203401,-55.97006107737002,9.018723098131977,2.2191300301890124,-44.32933136620923,0.7501215069312612,0.5427044617200131,-7.142805235907374,1.3793177555096896,0.39129092145523947,-6.986747003966001,-0.07160007475764377,-0.5188710346517618,-2.5667788384251025,0.8094993714398978,-1.148127335860966,-4.527487470774545,-0.40871795469501965,-0.7714787894030135,-2.5883086709540697,1.4994180503139702,-4.347193926896656,-10.86653862089285,-0.6265720983344666,-1.5883379422205275,-5.151651404537257,-1.3418223811577343,4.046702242941827,12.185456008154128,-0.11989586747357385,-1.3460794978168693,-3.5508160802984925,0.4208439981697878,-1.9498580875708764,-4.988453544697713,-0.11637927070749043,-5.39853297747562,-15.695464765990955,8.139723885131726,-40.80365914632971,-115.28769520734937,-0.45474228407629547,-4.393307861785196,-11.453586397770708,1.3539571874176144,-11.907101691956843,-33.13508007138059
52.083662700246144,-1.8740780905083552,-278.07331192046826,10.504235616173466,3.221747131604741,-61.96923920509312,11.302577963393029,2.4016027554348125,-55.29983268855929,0.750499006203523,0.4886407968951166,-6.989264156331101,1.4124504018107322,0.3656228433362556,-7.169507992066587,-0.049571651856509,-0.537342746287156,-2.6061354404696604,0.838911346803941,-1.1644992200937194,-4.583140131465539,-0.398384302670769,-0.8089195911776994,-2.683385613591589,1.618796795509423,-4.5260732842053875,-11.313774955226135,-0.639292848750861,-1.7634160660329352,-5.622911789485755,-1.3563054561756975,3.905795754987852,11.667044036583734,-0.09627105004090863,-1.3826454179617385,-3.6338548175396155,0.4379777493479451,-1.9746093329528231,-5.082451830197221,-0.03170742664488674,-6.678622819079573,-19.126208350031163,30.137276689330623,-153.5444911851546,-428.2481456752653,-0.46096029301923847,-5.083771973767333,-13.243006872896256,1.3164549125308105,-13.710618186538705,-38.34503104549908
40.646126883738624,-2.1067513788062584,-223.6960756391879,9.494783136903681,2.7339014273461166,-57.851700405154986,10.58131461805462,1.9833520282099202,-52.75621462994268,0.7327671146468648,0.4641358701244908,-7.197793691781243,1.5058913905684648,0.31901079220882594,-7.591769652512559,-0.09066597332138808,-0.5106105047857893,-2.6020291743498896,0.8811183047728026,-1.2778910058307615,-4.842707300028164,-0.4309119031606735,-0.7278977669925111,-2.6724120537043676,1.7598688156348483,-4.99148405579265,-12.476133349645378,-0.6246127168076608,-1.3427610358160973,-5.234512451790112,-2.675156201945009,10.508502268679727,30.83188855963165,-0.19124531086963503,-1.3657078919376404,-3.60108349792501,0.3767409524143843,-2.0966802243373728,-5.2663174599453955,-0.4678925010825884,-5.382526433045294,-15.234587696977366,2.2594243602518533,-19.369311826598366,-53.06710865721467,-0.5901002960918742,-3.8602046442208877,-10.060600987440042,0.315256044216125,-8.057145020878918,-21.90236168197514
10.325539713161824,0.9285076168887733,-57.74723095357117,5.1849773653225215,2.3109994540687957,-32.29129591915471,5.868068502959625,1.8106953032439266,-29.538855974656133,0.6636116021128897,0.5269399624164773,-6.721664222030425,1.3131035523795687,0.3732976417791897,-6.782181197313391,-0.059461275514319255,-0.5309453017816368,-2.6686824552778026,0.7934850348470224,-1.2106571276742315,-4.6383151354641745,-0.42271035102370585,-0.7548478952964298,-2.7273747249172953,1.3824694205289996,-4.465049483143699,-11.158298661343348,-0.6896587034280838,-1.4791299512744642,-5.2116333098313286,-1.4716996403755622,6.049156847675003,17.810259892394928,-0.11625732469698428,-1.463889326558166,-3.854649065462887,0.4214277895379529,-2.1289891421892664,-5.413997418515421,-0.28272823242375233,-6.859808919415229,-19.877844230926858,77.47194896025955,-489.71800842549226,-1361.0522268325674,-0.5336417615102249,-4.8722618354139025,-12.651041385976146,0.9636480191212753,-12.20541795660858,-33.74244522601825
6.834894875059143,1.7329598320462318,-37.169993381895885,3.613665078010405,2.2153481256019165,-21.91151447825137,4.703310966047508,2.07053151298338,-23.074439800546074,0.6121600923624586,0.5949286451431771,-6.0188393951890875,1.3425449175907984,0.49098808281234657,-6.643317331216254,-0.06319340429514424,-0.519078903129626,-2.6258569869606485,0.940247465103074,-1.2792379991401666,-5.064401597340845,-0.40905571259921025,-0.7610419717937055,-2.8286307411755653,2.262171157836913,-6.29943943977345,-15.782660612902825,-0.6137452021327984,-1.4726618862448109,-5.68177720219228,-1.2798406620641345,4.158534551699339,12.523513731572804,-0.10425705893636837,-1.5573878506076737,-4.1148020026376315,0.5920877460074274,-2.5446330846543157,-6.483920616494548,-0.05851081529278468,-9.330017626226391,-27.457540837592973,-5.976097634692259,33.77077667035885,94.80953132430027,-0.5461636934258104,-5.801368862094415,-15.236982262837893,7.8853646417371825,-76.54788573316817,-209.8303001631646
1.5189139363267132,0.5213621052370432,-10.095555364592999,1.0715778564429197,0.9724948881966937,-8.377622438829919,1.413477502200159,0.8167647851959838,-8.31843904897072,0.1775500800510152,0.4661819473734684,-4.016480897670932,0.6394134717806155,0.32663476870867814,-4.0917438393398085,-0.16499249294429252,-0.4587448009343858,-2.259657135784961,0.5259940823329057,-0.8144014747959056,-3.4606318323066,-0.4416629525422652,-0.8281988284383136,-2.5282168952925264,0.9410529439914815,-2.9297342613205317,-7.960022434133461,-0.6779908888385275,-1.6594207664549718,-6.100782088351229,-2.591809508019319,9.09463441845821,33.615098782829016,-0.24069551204146478,-1.2332369119019055,-3.238692070795326,0.2612863552571154,-1.6515355032688415,-4.191875797982188,-0.6707314744392193,-3.0247473269558203,-8.897410139481202,0.10992763052490546,-3.7752485164156178,-10.510742898363883,-0.8908417854773032,-2.865152642286483,-7.900247615468973,-0.025910418180696473,-4.055439430761132,-11.986307411752339
4.210266441535816,-0.3620420990624667,-12.169680048208363,2.86826620023998,0.28299321243633707,-8.995955645622157,2.4956750137091093,0.15285371083089302,-9.872176716685924,0.8483189819167352,0.06748751951375469,-3.6673788205121793,0.8574948888892749,0.0024744156853006146,-4.177575996800508,0.5413171934985527,-0.6478927707332788,-2.7695823105342003,0.6269698088624559,-0.9684302825786393,-3.5503567898464365,0.5692212288191993,-1.2196089693471006,-3.491969076208423,1.9268609367429768,-3.053581196242738,-8.253862286992094,1.038236496805837,-1.507097725547599,-4.9998940858579655,6.803050520308874,-12.11377833556267,-35.91386319914623,0.9575466013476606,-1.673190680274494,-4.362820779806735,0.7608627799837905,-1.8549620977563195,-4.952970010353166,2.3709108703001336,-4.159947189282427,-12.557059835333856,2.3239752699901146,-3.6403578498262745,-10.446700679646405,1.480227824054658,-3.3599065398948085,-9.522906143569573,2.7979023346341547,-4.8900882273215265,-14.507516758731015
1.499815654059722,0.6565236188451355,-5.4820822433230125,1.0522817842192174,0.6999922895510314,-4.3763035406103565,0.7147383140575476,1.1648968340633572,-5.19158428020188,0.4079732880546917,0.31082453346320854,-2.5430679846013553,0.4596592706625678,0.7155607737763007,-3.478355571677774,0.2699322936239717,-0.24889361086019368,-2.0680051657064857,0.3764467647969083,-0.12894322429599372,-3.175299201180113,0.3681588443530269,-0.7956324711974204,-2.8693057738373424,1.0707551207415866,-1.3779491918083993,-5.374595268635671,0.38444717220319524,-0.5041388956834943,-2.8705292136694007,0.6726851900992568,-1.0738227700119125,-5.6892918837261,0.3429010797411973,-0.7805847380823063,-2.450620668719764,0.26847736755857393,-0.8711071841009249,-3.5022927074079364,0.5017579773856475,-1.2820744760852045,-4.221436330776714,0.7964758837829088,-1.5370140246124322,-4.863216141718582,0.3196856050243571,-1.2516566546249506,-3.933784651308296,0.5329047500692152,-1.4088867067360478,-4.485494597768218
5.757813402232403,2.5604579403934755,-16.77422099539925,-2.3531570123215944,-0.29152206636624645,4.648513008010265,0.0,0.0,0.0,-3.8833030958067685,-0.2336555631894928,8.22655751512667,0.0,0.0,0.0,0.7068110462279656,-0.02384569070111523,-3.0118113142968848,5.567686036614138,0.36512151018732003,-15.3486735122192,0.2977644477053356,-0.7062902839636765,-2.9966256094928334,-3.5732518535743414,2.896749172308154,10.349630369821531,0.15497344071250885,-0.96212639799613,-3.4241853787674352,-1.5322644570143955,0.8356527380510476,4.926228541966208,0.592901482377203,-1.2053771102084547,-3.061122578219768,1.43085302634433,-2.5837835786672856,-6.587396052197636,0.9294009369314834,-1.6360465356472091,-5.355227829299987,5.175638233118145,-5.747960065147769,-18.58911614983338,0.8306805525340332,-1.8989536400539548,-5.427736775271181,3.517129595909142,-4.831718444099108,-14.287343456307658
